順位,キャリア,商品名,キャッチコピー,商品コード,商品価格,商品説明文,商品URL,アフィリエイトURL,商品画像有無フラグ,商品画像64x64URL(1),商品画像64x64URL(2),商品画像64x64URL(3),商品画像128x128URL(1),商品画像128x128URL(2),商品画像128x128URL(3),販売可能フラグ,消費税フラグ,送料フラグ,クレジットカード利用可能フラグ,ショップオブザイヤーフラグ,海外配送フラグ,海外配送対象地域,あす楽フラグ,あす楽〆時間,あす楽配送対象地域,アフィリエイト利用利率,販売開始時刻,販売終了時刻,レビュー件数,レビュー平均,商品別ポイント倍付け,商品別ポイント倍付け開始日時,商品別ポイント倍付け終了日時,店舗名,店舗コード,店舗URL,ジャンル情報
1,0,【Switch】桃太郎電鉄 〜昭和 平成 令和も定番！〜 コナミデジタルエンタテインメント [HAC-P-ATKTA NSW モモタロウデンテツ],,jism:12735753,5950,【返品種別B】□「返品種別」について詳しくはこちら□■新製品■2020年11月 発売※特典付きは終了しました。◇◆商品紹介◇◆「桃太郎電鉄シリーズ」の完全新作が4年振りにNintendo Switchに登場！　桃鉄ならではの楽しさを踏襲しつつ、新要素を追加しさらにグレードアップ！　また今の子供たちにも馴染み易いものとなるよう、キャラクターデザインをリニューアル致しました。これまでのお客様、そしてこれからのお客様にも愛される、「令和の桃鉄」をお楽しみ頂けます。■桃鉄とはプレイヤー自身が電鉄会社の社長さんとなり、日本全国を巡って物件を買い集めて資産を増やしていきます。最初に決めた年数が終わったときに一番資産を持っている社長さんが勝ち！　というルールのボードゲームです。今作の桃鉄はファミリー層を含む全年齢をターゲットに、年末年始に家族みんなで、更にオンラインでも楽しむことができるものとなっております。■『桃太郎電鉄 〜昭和 平成 令和も定番！　〜』 注目ポイント！　オンライン対戦にも対応！　近くの友達と1台のSwitch本体や複数の本体で遊ぶことができるだけでなく、離れた友達といつでも桃鉄が遊べるオンライン対戦も用意！　新要素がてんこ盛り！　新駅や新物件をはじめ、新規カードや新たなゲストボンビーも登場！　その土地ならではの名産怪獣や歴史ヒーローなど日本各地のイベント盛りだくさん！　◆製品詳細◆対応機種　：　Nintendo Switchジャンル　：　テーブルゲームプレイ人数　：　1人〜4人CERO審査　：　全年齢対象(C)さくまあきら (C)Konami Digital EntertainmentNintendo Switchのロゴ・Nintendo Switchは任天堂の商標です。(※この説明文は楽天市場店の記載内容です。URLはhttps://item.rakuten.co.jp/jism/で始まります。URLが異なる際はサイトを利用することのないよう十分ご注意ください。)おもちゃ＞TVゲーム＞Nintendo Switch＞パッケージ版ゲームソフト＞パズル・バラエティ・ご購入はお1人様1本でお願いします。同一商品を複数ご購入された場合は、ご注文を承りましたという自動メール送信後でありましても、全てのお買い物を取り消し（キャンセル）をさせていただく場合があります。またお名前が異なってもお届け先が同じ場所の場合は、複数購入と判断する場合がございますのでご了承願います。・テープの2重貼りについてメーカーでは出荷前にランダムで商品を開封して検品調査を行う場合があります。中身を調査する際、一度テープを切り、改めて貼りなおしますので2重になることがあります。このようにして2重にテープが貼られた商品は開梱品や再生品ではありませんので予めご留意くださいますようお願いします。これらを理由に返品・交換をお受けすることもできませんのでご了承ください。※テープの状態を確認して出荷することもできません。※弊社ではアウトレット等、特別な理由で開梱品を販売する際は必ず販売ページにその旨を記載させていただきます。・商品の返品・交換についてTVゲーム関連商品の返品・交換はお受けできません。但し、初期不良の場合、1週間以内にJoshin web事務局までご連絡ください。 ※ お客様の都合による返品・交換もお受けできませんので、ご了承ください。個人情報を記録するハードディスク内蔵モデルは、初期不良でありましてもJoshin webで良品への交換は出来ません。初期不良の場合はメーカーの連絡先をご案内いたしますので、お客様から直接メーカーへ連絡していただくようお願いいたします。※液晶モニターについてゲームに使用されている液晶モニターは、精密度の高い技術で生産されていますが、黒い点が現れたり、赤・青・緑の点が消えないことがあります。(ドット抜け)これらの症状は製品の仕様的な物で故障ではございません。交換などもできませんのであらかじめ、ご了承ください。・ゲーム機本体の修理ゲーム機本体の修理はメーカー直接対応となります。説明書に記載されているメーカーサポートにご連絡ください。・在庫のない商品の納期について在庫がない商品（「入荷次第出荷」と表示）は1週間程度商品入荷までお待ちいただく場合があります。・予約商品について但し、発売日4日前までのご注文の場合。（一部地域を除く）新作（未発売商品）につきましては、発売日の4日以上前にご予約をいただきました場合は、原則として発売日当日のお届けになります。（一部商品を除く）　詳しくはこちらお客様より、発売日前のお届け希望日の指定をいただきましても、お届けは発売日となります。お届け予定日の変更連絡は致しておりません、また大阪市内より発売日の前日に出荷いたしますので、遠隔地（北海道、青森県、秋田県、沖縄県、一部郡部、離島地域）の場合は、発売日の翌日以降のお届けとなります。ご予約商品と家電製品などを一緒にご注文いただいた場合は、商品の発送が多少遅くなり発売日以降のお届けになります。ご予約商品を複数ご購入いただいた場合、または在庫商品とご予約商品を同時にご購入いただいた場合、あるいはお取り寄せ商品とご予約商品を同時にご購入いただいた場合は、すべての商品がそろってからの発送になりますのでご注意ください。(分割でのご発送はお受けできません）悪天候や災害の影響などにより、商品のお届けが遅れる場合がございます。またメーカーの都合により、商品のお届けが遅れる場合もございますので、ご了承願います。・商品の配送についてご予約商品を複数ご購入いただいた場合、または在庫商品とご予約商品を同時にご購入いただいた場合、あるいはお取り寄せ商品とご予約商品を同時にご購入いただいた場合は、すべての商品がそろってからの発送になります。お急ぎの場合は、お手数ですがご注文を分けていただきますようお願いいたします。,https://item.rakuten.co.jp/jism/4988602173222-54-46585-n/,,1,https://thumbnail.image.rakuten.co.jp/@0_mall/jism/cabinet/1432/4988602173222.jpg?_ex=64x64,https://thumbnail.image.rakuten.co.jp/@0_mall/jism/cabinet/1432/4988602173222.jpg?_ex=64x64,https://thumbnail.image.rakuten.co.jp/@0_mall/jism/cabinet/1432/4988602173222.jpg?_ex=64x64,https://thumbnail.image.rakuten.co.jp/@0_mall/jism/cabinet/1432/4988602173222.jpg?_ex=128x128,https://thumbnail.image.rakuten.co.jp/@0_mall/jism/cabinet/1432/4988602173222.jpg?_ex=128x128,https://thumbnail.image.rakuten.co.jp/@0_mall/jism/cabinet/1432/4988602173222.jpg?_ex=128x128,1,0,1,1,0,0,,0,,,2.0,,,64,4.41,2,2020-11-27 10:00,2020-12-11 01:59,Joshin web 家電とPCの大型専門店,jism,https://www.rakuten.co.jp/jism/,566404
2,0,【楽天ブックス限定特典】ダービースタリオン(勝負服型ピンズセット),【楽天ブックスならいつでも送料無料】,book:20151207,7722,ゲームアディクト Nintendo Switchダビスタ ダービースタリオン 発売日：2020年12月03日 予約締切日：2020年12月01日 CERO区分：全年齢対象 HACーPーAUE5A JAN：4902370547139 ゲーム Nintendo Switch スポーツ・レース 競馬 勝負服型ピンズセット,https://item.rakuten.co.jp/book/16480991/,,1,https://thumbnail.image.rakuten.co.jp/@0_mall/book/cabinet/7139/4902370547139.jpg?_ex=64x64,https://thumbnail.image.rakuten.co.jp/@0_mall/book/cabinet/7139/4902370547139.jpg?_ex=64x64,https://thumbnail.image.rakuten.co.jp/@0_mall/book/cabinet/7139/4902370547139.jpg?_ex=64x64,https://thumbnail.image.rakuten.co.jp/@0_mall/book/cabinet/7139/4902370547139.jpg?_ex=128x128,https://thumbnail.image.rakuten.co.jp/@0_mall/book/cabinet/7139/4902370547139.jpg?_ex=128x128,https://thumbnail.image.rakuten.co.jp/@0_mall/book/cabinet/7139/4902370547139.jpg?_ex=128x128,1,0,0,1,0,0,,0,,,2.0,,,0,0.0,1,,,楽天ブックス,book,https://www.rakuten.co.jp/book/,566404
3,0,ニンテンドー ゲームキューブ コントローラ スマブラブラック,【楽天ブックスならいつでも送料無料】,book:19328181,2200,任天堂 Nintendo SwitchSwitch 周辺機器 【Nindirect_0914】 ニンテンドー ゲームキューブ コントローラ スマブラブラック 発売日：2018年11月16日 予約締切日：2018年11月14日 HACーAーGCCKE JAN：4902370539837 ゲーム Nintendo Switch 周辺機器,https://item.rakuten.co.jp/book/15637216/,,1,https://thumbnail.image.rakuten.co.jp/@0_mall/book/cabinet/9837/4902370539837.jpg?_ex=64x64,https://thumbnail.image.rakuten.co.jp/@0_mall/book/cabinet/9837/4902370539837.jpg?_ex=64x64,https://thumbnail.image.rakuten.co.jp/@0_mall/book/cabinet/9837/4902370539837.jpg?_ex=64x64,https://thumbnail.image.rakuten.co.jp/@0_mall/book/cabinet/9837/4902370539837.jpg?_ex=128x128,https://thumbnail.image.rakuten.co.jp/@0_mall/book/cabinet/9837/4902370539837.jpg?_ex=128x128,https://thumbnail.image.rakuten.co.jp/@0_mall/book/cabinet/9837/4902370539837.jpg?_ex=128x128,0,0,0,1,0,0,,0,,,2.0,,,1,5.0,1,,,楽天ブックス,book,https://www.rakuten.co.jp/book/,565955
4,0,ゲーム＆ウオッチ スーパーマリオブラザーズ,【楽天ブックスならいつでも送料無料】,book:20122746,5478,任天堂 その他ゲーム＆ウオッチ スーパーマリオブラザーズ 発売日：2020年11月13日 予約締切日：2020年11月11日 CERO区分：全年齢対象 HXAーSーRAAAA JAN：4902370546293 ゲーム その他,https://item.rakuten.co.jp/book/16448341/,,1,https://thumbnail.image.rakuten.co.jp/@0_mall/book/cabinet/6293/4902370546293.jpg?_ex=64x64,https://thumbnail.image.rakuten.co.jp/@0_mall/book/cabinet/6293/4902370546293.jpg?_ex=64x64,https://thumbnail.image.rakuten.co.jp/@0_mall/book/cabinet/6293/4902370546293.jpg?_ex=64x64,https://thumbnail.image.rakuten.co.jp/@0_mall/book/cabinet/6293/4902370546293.jpg?_ex=128x128,https://thumbnail.image.rakuten.co.jp/@0_mall/book/cabinet/6293/4902370546293.jpg?_ex=128x128,https://thumbnail.image.rakuten.co.jp/@0_mall/book/cabinet/6293/4902370546293.jpg?_ex=128x128,1,0,0,1,0,0,,0,,,2.0,,,17,4.35,1,,,楽天ブックス,book,https://www.rakuten.co.jp/book/,101915
5,0,【新品】新型モデル Nintendo Switch ニンテンドースイッチ 本体 Joy-Con (L) ネオンブルー/ (R) ネオンレッド,,mobileshop1:10000174,37378,★ご購入前に必ずご確認下さい。★ ※運輸または仕入状況により商品の箱に凹み、スレ等がある場合がございますが、中身には新品で問題がございません。化粧箱不良による交換返品は対応出来かねますので、ご了承をお願いします。 ※基本的に量販店舗印付です。保証が短くなる場合もございます。 ※量販店舗の印の有無のご指定はできません。あらかじめご了承下さい。 ■商品名：新型モデル Nintendo Switch ニンテンドースイッチ 本体 Joy-Con (L) ネオンブルー/ (R) ネオンレッド ■状態：新品未使用品（量販店より新品のままの状態） ■商品付属品：新品、標準セット全て揃っております。 ■バッテリー持続時間が長くなった新モデル バッテリー持続時間：約4.5〜9.0時間 ・遊ぶソフトによって、持続時間が変わります。例えば『ゼルダの伝説　ブレス オブ ザ ワイルド』では約5.5時間です。 ※目安の時間です。使用状況によって短くなることがあります。 【Nintendo Switchの3つのプレイモード】 ■「TVモード」 テレビにつなぎ、迫力の大画面でじっくりゲームを楽しんだり、家族や友達同士のホームパーティなど、リビングに集まってゲームを楽しんだりすることができます。 ■「テーブルモード」 本体のスタンドを立てて、Joy-Conを分け合えば、外出先などテレビのない場所でも、画面をシェアして、対戦や協力プレイを楽しめます。 ■「携帯モード」 通勤や通学の移動中など、場所を選ぶことなく、いつでも、気軽にゲームをプレイすることができます。気の合う仲間と集まって、ローカル通信でゲームを一緒に楽しむこともできます。 ■製品の故障・初期不良等がございましても当店では受付いたしかねます。 メーカーサポートへ直接お問い合わせをお願い致します。 ※本商品に修理などの必要が生じた場合は、お買い上げ時の外箱と納品書が必要になりますので大切に保管ください。 古物商許可証・東京都公安委員会　第305541208027号,https://item.rakuten.co.jp/mobileshop1/new-switch-neoblue/,,1,https://thumbnail.image.rakuten.co.jp/@0_mall/mobileshop1/cabinet/07185325/imgrc0081395886.jpg?_ex=64x64,https://thumbnail.image.rakuten.co.jp/@0_mall/mobileshop1/cabinet/07185325/imgrc0081395886.jpg?_ex=64x64,https://thumbnail.image.rakuten.co.jp/@0_mall/mobileshop1/cabinet/07185325/imgrc0081395886.jpg?_ex=64x64,https://thumbnail.image.rakuten.co.jp/@0_mall/mobileshop1/cabinet/07185325/imgrc0081395886.jpg?_ex=128x128,https://thumbnail.image.rakuten.co.jp/@0_mall/mobileshop1/cabinet/07185325/imgrc0081395886.jpg?_ex=128x128,https://thumbnail.image.rakuten.co.jp/@0_mall/mobileshop1/cabinet/07185325/imgrc0081395886.jpg?_ex=128x128,1,0,1,1,0,0,,1,16:00,群馬県/埼玉県/千葉県/東京都/神奈川県/新潟県/富山県/石川県/福井県/山梨県/青森県/長野県/岐阜県/静岡県/愛知県/三重県/滋賀県/京都府/大阪府/兵庫県/奈良県/岩手県/和歌山県/鳥取県/島根県/岡山県/広島県/山口県/徳島県/香川県/愛媛県/高知県/宮城県/秋田県/山形県/福島県/茨城県/栃木県,2.0,,,110,4.55,1,,,モバイル販売,mobileshop1,https://www.rakuten.co.jp/mobileshop1/,566403
6,0,Nintendo Switch Lite ターコイズ,【楽天ブックスならいつでも送料無料】【楽天あんしん延長保証対象商品】,book:19757436,21978,任天堂 Nintendo Switch Lite【NS920Lite】 ニンテンドウ スイッチ ライト ターコイズ 発売日：2019年09月20日 予約締切日：2019年09月18日 HDHーSーBAZAA JAN：4902370542943 ゲーム Nintendo Switch 本体,https://item.rakuten.co.jp/book/16039046/,,1,https://thumbnail.image.rakuten.co.jp/@0_mall/book/cabinet/2943/4902370542943.jpg?_ex=64x64,https://thumbnail.image.rakuten.co.jp/@0_mall/book/cabinet/2943/4902370542943.jpg?_ex=64x64,https://thumbnail.image.rakuten.co.jp/@0_mall/book/cabinet/2943/4902370542943.jpg?_ex=64x64,https://thumbnail.image.rakuten.co.jp/@0_mall/book/cabinet/2943/4902370542943.jpg?_ex=128x128,https://thumbnail.image.rakuten.co.jp/@0_mall/book/cabinet/2943/4902370542943.jpg?_ex=128x128,https://thumbnail.image.rakuten.co.jp/@0_mall/book/cabinet/2943/4902370542943.jpg?_ex=128x128,1,0,0,1,0,0,,0,,,2.0,,,194,4.78,1,,,楽天ブックス,book,https://www.rakuten.co.jp/book/,566403
7,0,【楽天ブックス限定特典+特典】桃太郎電鉄 〜昭和 平成 令和も定番！〜(オリジナルB1レジャーシート+ファミコン版「スーパー桃太郎電鉄」DLC),【楽天ブックスならいつでも送料無料】,book:20081904,6237,コナミデジタルエンタテインメント Nintendo Switchもも鉄 モモ鉄 ももてつ モモテツ 桃てつ 桃テツ モモタロウデンテツ ショウワ ヘイセイ レンワモテイバン 発売日：2020年11月19日 予約締切日：2020年11月17日 プレーヤー人数：1〜4人 CERO区分：全年齢対象 HACーPーATKTA JAN：4988602173222 ゲーム Nintendo Switch テーブル・パズル ボードゲーム オリジナルB1レジャーシート ファミコン版「スーパー桃太郎電鉄」DLC,https://item.rakuten.co.jp/book/16402483/,,1,https://thumbnail.image.rakuten.co.jp/@0_mall/book/cabinet/3222/4988602173222.jpg?_ex=64x64,https://thumbnail.image.rakuten.co.jp/@0_mall/book/cabinet/3222/4988602173222.jpg?_ex=64x64,https://thumbnail.image.rakuten.co.jp/@0_mall/book/cabinet/3222/4988602173222.jpg?_ex=64x64,https://thumbnail.image.rakuten.co.jp/@0_mall/book/cabinet/3222/4988602173222.jpg?_ex=128x128,https://thumbnail.image.rakuten.co.jp/@0_mall/book/cabinet/3222/4988602173222.jpg?_ex=128x128,https://thumbnail.image.rakuten.co.jp/@0_mall/book/cabinet/3222/4988602173222.jpg?_ex=128x128,1,0,0,1,0,0,,0,,,2.0,,,72,4.82,1,,,楽天ブックス,book,https://www.rakuten.co.jp/book/,566404
8,0,【新品】新型モデル Nintendo Switch ニンテンドースイッチ 本体 Joy-Con (L) /（R)グレー,,mobileshop1:10000175,37388,★ご購入前に必ずご確認下さい。★ ※運輸または仕入状況により商品の箱に凹み、スレ等がある場合がございますが、中身には新品で問題がございません。化粧箱不良による交換返品は対応出来かねますので、ご了承をお願いします。 ※基本的に量販店舗印付です。保証が短くなる場合もございます。 ※量販店舗の印の有無のご指定はできません。あらかじめご了承下さい。 ■商品名：新型モデル Nintendo Switch ニンテンドースイッチ 本体 Joy-Con (L)/(R) グレー ■状態：新品未使用品（量販店より新品のままの状態） ■商品付属品：新品、標準セット全て揃っております。 ■バッテリー持続時間が長くなった新モデル バッテリー持続時間：約4.5〜9.0時間 ・遊ぶソフトによって、持続時間が変わります。例えば『ゼルダの伝説　ブレス オブ ザ ワイルド』では約5.5時間です。 ※目安の時間です。使用状況によって短くなることがあります。 【Nintendo Switchの3つのプレイモード】 ■「TVモード」 テレビにつなぎ、迫力の大画面でじっくりゲームを楽しんだり、家族や友達同士のホームパーティなど、リビングに集まってゲームを楽しんだりすることができます。 ■「テーブルモード」 本体のスタンドを立てて、Joy-Conを分け合えば、外出先などテレビのない場所でも、画面をシェアして、対戦や協力プレイを楽しめます。 ■「携帯モード」 通勤や通学の移動中など、場所を選ぶことなく、いつでも、気軽にゲームをプレイすることができます。気の合う仲間と集まって、ローカル通信でゲームを一緒に楽しむこともできます。 ■製品の故障・初期不良等がございましても当店では受付いたしかねます。 メーカーサポートへ直接お問い合わせをお願い致します。 ※本商品に修理などの必要が生じた場合は、お買い上げ時の外箱と納品書が必要になりますので大切に保管ください。 古物商許可証・東京都公安委員会　第305541208027号,https://item.rakuten.co.jp/mobileshop1/new-switch-gray/,,1,https://thumbnail.image.rakuten.co.jp/@0_mall/mobileshop1/cabinet/07185325/imgrc0081395887.jpg?_ex=64x64,https://thumbnail.image.rakuten.co.jp/@0_mall/mobileshop1/cabinet/07185325/imgrc0081395887.jpg?_ex=64x64,https://thumbnail.image.rakuten.co.jp/@0_mall/mobileshop1/cabinet/07185325/imgrc0081395887.jpg?_ex=64x64,https://thumbnail.image.rakuten.co.jp/@0_mall/mobileshop1/cabinet/07185325/imgrc0081395887.jpg?_ex=128x128,https://thumbnail.image.rakuten.co.jp/@0_mall/mobileshop1/cabinet/07185325/imgrc0081395887.jpg?_ex=128x128,https://thumbnail.image.rakuten.co.jp/@0_mall/mobileshop1/cabinet/07185325/imgrc0081395887.jpg?_ex=128x128,1,0,1,1,0,0,,1,16:00,群馬県/埼玉県/千葉県/東京都/神奈川県/新潟県/富山県/石川県/福井県/山梨県/青森県/長野県/岐阜県/静岡県/愛知県/三重県/滋賀県/京都府/大阪府/兵庫県/奈良県/岩手県/和歌山県/鳥取県/島根県/岡山県/広島県/山口県/徳島県/香川県/愛媛県/高知県/宮城県/秋田県/山形県/福島県/茨城県/栃木県,2.0,,,162,4.34,1,,,モバイル販売,mobileshop1,https://www.rakuten.co.jp/mobileshop1/,566403
9,0,Nintendo Switch Lite コーラル,【楽天ブックスならいつでも送料無料】【楽天あんしん延長保証対象商品】,book:19960205,21978,任天堂 Nintendo Switch Lite本体 ニンテンドー スイッチ ライト コーラル 発売日：2020年03月20日 予約締切日：2020年03月18日 CERO区分：全年齢対象 HDHーSーPAZAA JAN：4902370545302 ゲーム Nintendo Switch 本体,https://item.rakuten.co.jp/book/16247998/,,1,https://thumbnail.image.rakuten.co.jp/@0_mall/book/cabinet/5302/4902370545302.jpg?_ex=64x64,https://thumbnail.image.rakuten.co.jp/@0_mall/book/cabinet/5302/4902370545302.jpg?_ex=64x64,https://thumbnail.image.rakuten.co.jp/@0_mall/book/cabinet/5302/4902370545302.jpg?_ex=64x64,https://thumbnail.image.rakuten.co.jp/@0_mall/book/cabinet/5302/4902370545302.jpg?_ex=128x128,https://thumbnail.image.rakuten.co.jp/@0_mall/book/cabinet/5302/4902370545302.jpg?_ex=128x128,https://thumbnail.image.rakuten.co.jp/@0_mall/book/cabinet/5302/4902370545302.jpg?_ex=128x128,1,0,0,1,0,0,,0,,,2.0,,,82,4.6,1,,,楽天ブックス,book,https://www.rakuten.co.jp/book/,566403
10,0,【Switch】あつまれ　どうぶつの森 任天堂 [HAC-P-ACBAA NSW アツマレドウブツノモリ],,jism:12610312,5680,【返品種別B】□「返品種別」について詳しくはこちら□2020年03月 発売※外付特典（上新電機オリジナル）は終了しました。◇◆商品紹介◇◆無人島に移住して、新生活がスタート今作の舞台は、無人島。「たぬき開発」がプロデュースする「無人島移住パッケージプラン」に参加して、島での生活を始めることになります。浜辺でのんびりしたり、辺りを探索したり……。手つかずの自然あふれる無人島での暮らしをお楽しみください。Q.1つの島に、何人までユーザーを登録できますか？　A.『あつまれ どうぶつの森』は、1台のNintendo Switchと1本のソフトで、本体に登録されているユーザー最大8人で、1つの島を共有してお楽しみいただけます。Q.何人まで一緒に遊べますか？　A.同じ島の住人同士で、最大4人で一緒に遊べます（プレイヤー1人につき、コントローラーが1個必要です）。ローカル通信・オンラインプレイでは、自分やともだちの島にあつまって、最大8人で一緒に遊べます。※オンラインプレイは、Nintendo Switch Online（有料）への加入が必要です。Q.複数の島を作成したいのですが、方法はありますか？　A.本ソフトを複数本使用しても、作成できる島は本体1台につき1つです。ほかの島で遊びたい場合は、別の本体が必要です。島のセーブデータは、Nintendo Switch本体に保存されるため、パッケージ版とダウンロード版を併用したとしても、島（セーブデータ）は1つです。Q.2台目の本体を購入した場合、セーブデータ（島のデータ）を、別の本体に引っ越しすることはできますか？　A.本ソフトのセーブデータは「ユーザーの引っ越し」や「セーブデータの引っ越し」に対応していないため、別の本体にセーブデータを移動させることはできません。（以下、2020.2.20追記）本ソフト独自の形で、ユーザーやセーブデータを他の本体に引っ越しさせる機能を検討しています。対応時期は年内を予定しています。対応内容や時期の詳細は、公式ページをご確認お願いします。Q.Nintendo Switch Onlineの「セーブデータお預かり」に対応していますか？　A.Nintendo Switch Onlineのセーブデータお預かりサービスには対応しておりませんが、Nintendo Switch本体の故障・紛失・盗難に備えて、Nintendo Switch Online加入者向けに、本ソフト独自の形で、セーブデータをバックアップする機能を検討しています。対応時期は年内を予定しています。対応内容や時期の詳細は、公式ページをご確認お願いします。Q.セーブデータのバックアップはできないのでしょうか？　A.Nintendo Switch本体の故障・紛失・盗難に備えて、本ソフト独自の形で、セーブデータをバックアップする機能を検討しています。本機能のご利用はNintendo Switch Online加入者に限られます。対応時期は未定です。時期が決まり次第、お知らせいたします。Q.このソフトはNintendo Switch Liteで遊べますか？　A.はい、Nintendo Switch Liteで遊べます。ただし、同じ島の住人同士での同時プレイ（パーティーモード）をNintendo Switch Liteで遊ぶ場合、人数分のJoy-ConやNintendo Switch Proコントローラーを接続する必要があります。◆製品詳細◆対応機種　：　Nintendo Switchジャンル　：　コミュニケーションCERO審査　：　全年齢対象（C）2020 Nintendo(※この説明文は楽天市場店の記載内容です。URLはhttps://item.rakuten.co.jp/jism/で始まります。URLが異なる際はサイトを利用することのないよう十分ご注意ください。)おもちゃ＞TVゲーム＞Nintendo Switch＞パッケージ版ゲームソフト＞パズル・バラエティ・ご購入はお1人様1本でお願いします。同一商品を複数ご購入された場合は、ご注文を承りましたという自動メール送信後でありましても、全てのお買い物を取り消し（キャンセル）をさせていただく場合があります。またお名前が異なってもお届け先が同じ場所の場合は、複数購入と判断する場合がございますのでご了承願います。・テープの2重貼りについてメーカーでは出荷前にランダムで商品を開封して検品調査を行う場合があります。中身を調査する際、一度テープを切り、改めて貼りなおしますので2重になることがあります。このようにして2重にテープが貼られた商品は開梱品や再生品ではありませんので予めご留意くださいますようお願いします。これらを理由に返品・交換をお受けすることもできませんのでご了承ください。※テープの状態を確認して出荷することもできません。※弊社ではアウトレット等、特別な理由で開梱品を販売する際は必ず販売ページにその旨を記載させていただきます。・商品の返品・交換についてTVゲーム関連商品の返品・交換はお受けできません。但し、初期不良の場合、1週間以内にJoshin web事務局までご連絡ください。 ※ お客様の都合による返品・交換もお受けできませんので、ご了承ください。個人情報を記録するハードディスク内蔵モデルは、初期不良でありましてもJoshin webで良品への交換は出来ません。初期不良の場合はメーカーの連絡先をご案内いたしますので、お客様から直接メーカーへ連絡していただくようお願いいたします。※液晶モニターについてゲームに使用されている液晶モニターは、精密度の高い技術で生産されていますが、黒い点が現れたり、赤・青・緑の点が消えないことがあります。(ドット抜け)これらの症状は製品の仕様的な物で故障ではございません。交換などもできませんのであらかじめ、ご了承ください。・ゲーム機本体の修理ゲーム機本体の修理はメーカー直接対応となります。説明書に記載されているメーカーサポートにご連絡ください。・在庫のない商品の納期について在庫がない商品（「入荷次第出荷」と表示）は1週間程度商品入荷までお待ちいただく場合があります。・予約商品について但し、発売日4日前までのご注文の場合。（一部地域を除く）新作（未発売商品）につきましては、発売日の4日以上前にご予約をいただきました場合は、原則として発売日当日のお届けになります。（一部商品を除く）　詳しくはこちらお客様より、発売日前のお届け希望日の指定をいただきましても、お届けは発売日となります。お届け予定日の変更連絡は致しておりません、また大阪市内より発売日の前日に出荷いたしますので、遠隔地（北海道、青森県、秋田県、沖縄県、一部郡部、離島地域）の場合は、発売日の翌日以降のお届けとなります。ご予約商品と家電製品などを一緒にご注文いただいた場合は、商品の発送が多少遅くなり発売日以降のお届けになります。ご予約商品を複数ご購入いただいた場合、または在庫商品とご予約商品を同時にご購入いただいた場合、あるいはお取り寄せ商品とご予約商品を同時にご購入いただいた場合は、すべての商品がそろってからの発送になりますのでご注意ください。(分割でのご発送はお受けできません）悪天候や災害の影響などにより、商品のお届けが遅れる場合がございます。またメーカーの都合により、商品のお届けが遅れる場合もございますので、ご了承願います。・商品の配送についてご予約商品を複数ご購入いただいた場合、または在庫商品とご予約商品を同時にご購入いただいた場合、あるいはお取り寄せ商品とご予約商品を同時にご購入いただいた場合は、すべての商品がそろってからの発送になります。お急ぎの場合は、お手数ですがご注文を分けていただきますようお願いいたします。,https://item.rakuten.co.jp/jism/4902370545319-54-46585-n/,,1,https://thumbnail.image.rakuten.co.jp/@0_mall/jism/cabinet/1356/4902370545319.jpg?_ex=64x64,https://thumbnail.image.rakuten.co.jp/@0_mall/jism/cabinet/1356/4902370545319.jpg?_ex=64x64,https://thumbnail.image.rakuten.co.jp/@0_mall/jism/cabinet/1356/4902370545319.jpg?_ex=64x64,https://thumbnail.image.rakuten.co.jp/@0_mall/jism/cabinet/1356/4902370545319.jpg?_ex=128x128,https://thumbnail.image.rakuten.co.jp/@0_mall/jism/cabinet/1356/4902370545319.jpg?_ex=128x128,https://thumbnail.image.rakuten.co.jp/@0_mall/jism/cabinet/1356/4902370545319.jpg?_ex=128x128,1,0,1,1,0,0,,0,,,2.0,,,476,4.49,2,2020-11-27 10:00,2020-12-11 01:59,Joshin web 家電とPCの大型専門店,jism,https://www.rakuten.co.jp/jism/,566404
11,0,amiibo しずえ（大乱闘スマッシュブラザーズシリーズ）,【楽天ブックスならいつでも送料無料】,book:19383953,1650,任天堂 Nintendo Switch【周辺機器】 アミーボ シズエ（ダイラントウスマッシュブラザーズシリーズ） 発売日：2019年07月19日 予約締切日：2019年07月17日 NVLーCーAACU JAN：4902370541793 ゲーム Nintendo Switch 周辺機器,https://item.rakuten.co.jp/book/15697958/,,1,https://thumbnail.image.rakuten.co.jp/@0_mall/book/cabinet/1793/4902370541793.jpg?_ex=64x64,https://thumbnail.image.rakuten.co.jp/@0_mall/book/cabinet/1793/4902370541793.jpg?_ex=64x64,https://thumbnail.image.rakuten.co.jp/@0_mall/book/cabinet/1793/4902370541793.jpg?_ex=64x64,https://thumbnail.image.rakuten.co.jp/@0_mall/book/cabinet/1793/4902370541793.jpg?_ex=128x128,https://thumbnail.image.rakuten.co.jp/@0_mall/book/cabinet/1793/4902370541793.jpg?_ex=128x128,https://thumbnail.image.rakuten.co.jp/@0_mall/book/cabinet/1793/4902370541793.jpg?_ex=128x128,0,0,0,1,0,0,,0,,,2.0,,,2,5.0,1,,,楽天ブックス,book,https://www.rakuten.co.jp/book/,565955
12,0,【Switch】マリオカート8 デラックス 任天堂 [HAC-P-AABPA NSWマリオカート8],,jism:11604837,5580,【返品種別B】□「返品種別」について詳しくはこちら□2017年04月 発売※外付特典：上新電機オリジナルボールペンは終了いたしました。◇◆商品紹介◇◆新しいスタート。すべてがデラックス！　今までにないキャラクター、コース、マシンが加わり、『マリオカート8』がデラックスに！　バトルモードも充実し、家でも、外でもオンラインでも熱い対戦を楽しめます。◆製品詳細◆対応機種　：　Nintendo Switchジャンル　：　アクションレースゲーム対応プレイモード・プレイ人数　：　TVモード（1〜4人）・テーブルモード（1〜4人）・携帯モード（1人）CERO審査　：　全年齢（C）2017 Nintendo(※この説明文は楽天市場店の記載内容です。URLはhttps://item.rakuten.co.jp/jism/で始まります。URLが異なる際はサイトを利用することのないよう十分ご注意ください。)おもちゃ＞TVゲーム＞Nintendo Switch＞パッケージ版ゲームソフト＞レース・ご購入はお1人様1本でお願いします。同一商品を複数ご購入された場合は、ご注文を承りましたという自動メール送信後でありましても、全てのお買い物を取り消し（キャンセル）をさせていただく場合があります。またお名前が異なってもお届け先が同じ場所の場合は、複数購入と判断する場合がございますのでご了承願います。・テープの2重貼りについてメーカーでは出荷前にランダムで商品を開封して検品調査を行う場合があります。中身を調査する際、一度テープを切り、改めて貼りなおしますので2重になることがあります。このようにして2重にテープが貼られた商品は開梱品や再生品ではありませんので予めご留意くださいますようお願いします。これらを理由に返品・交換をお受けすることもできませんのでご了承ください。※テープの状態を確認して出荷することもできません。※弊社ではアウトレット等、特別な理由で開梱品を販売する際は必ず販売ページにその旨を記載させていただきます。・商品の返品・交換についてTVゲーム関連商品の返品・交換はお受けできません。但し、初期不良の場合、1週間以内にJoshin web事務局までご連絡ください。 ※ お客様の都合による返品・交換もお受けできませんので、ご了承ください。個人情報を記録するハードディスク内蔵モデルは、初期不良でありましてもJoshin webで良品への交換は出来ません。初期不良の場合はメーカーの連絡先をご案内いたしますので、お客様から直接メーカーへ連絡していただくようお願いいたします。※液晶モニターについてゲームに使用されている液晶モニターは、精密度の高い技術で生産されていますが、黒い点が現れたり、赤・青・緑の点が消えないことがあります。(ドット抜け)これらの症状は製品の仕様的な物で故障ではございません。交換などもできませんのであらかじめ、ご了承ください。・ゲーム機本体の修理ゲーム機本体の修理はメーカー直接対応となります。説明書に記載されているメーカーサポートにご連絡ください。・在庫のない商品の納期について在庫がない商品（「入荷次第出荷」と表示）は1週間程度商品入荷までお待ちいただく場合があります。・予約商品について但し、発売日4日前までのご注文の場合。（一部地域を除く）新作（未発売商品）につきましては、発売日の4日以上前にご予約をいただきました場合は、原則として発売日当日のお届けになります。（一部商品を除く）　詳しくはこちらお客様より、発売日前のお届け希望日の指定をいただきましても、お届けは発売日となります。お届け予定日の変更連絡は致しておりません、また大阪市内より発売日の前日に出荷いたしますので、遠隔地（北海道、青森県、秋田県、沖縄県、一部郡部、離島地域）の場合は、発売日の翌日以降のお届けとなります。ご予約商品と家電製品などを一緒にご注文いただいた場合は、商品の発送が多少遅くなり発売日以降のお届けになります。ご予約商品を複数ご購入いただいた場合、または在庫商品とご予約商品を同時にご購入いただいた場合、あるいはお取り寄せ商品とご予約商品を同時にご購入いただいた場合は、すべての商品がそろってからの発送になりますのでご注意ください。(分割でのご発送はお受けできません）悪天候や災害の影響などにより、商品のお届けが遅れる場合がございます。またメーカーの都合により、商品のお届けが遅れる場合もございますので、ご了承願います。・商品の配送についてご予約商品を複数ご購入いただいた場合、または在庫商品とご予約商品を同時にご購入いただいた場合、あるいはお取り寄せ商品とご予約商品を同時にご購入いただいた場合は、すべての商品がそろってからの発送になります。お急ぎの場合は、お手数ですがご注文を分けていただきますようお願いいたします。,https://item.rakuten.co.jp/jism/4902370536485-54-40563-n/,,1,https://thumbnail.image.rakuten.co.jp/@0_mall/jism/cabinet/0624/4902370536485.jpg?_ex=64x64,https://thumbnail.image.rakuten.co.jp/@0_mall/jism/cabinet/0624/4902370536485.jpg?_ex=64x64,https://thumbnail.image.rakuten.co.jp/@0_mall/jism/cabinet/0624/4902370536485.jpg?_ex=64x64,https://thumbnail.image.rakuten.co.jp/@0_mall/jism/cabinet/0624/4902370536485.jpg?_ex=128x128,https://thumbnail.image.rakuten.co.jp/@0_mall/jism/cabinet/0624/4902370536485.jpg?_ex=128x128,https://thumbnail.image.rakuten.co.jp/@0_mall/jism/cabinet/0624/4902370536485.jpg?_ex=128x128,1,0,1,1,0,0,,0,,,2.0,,,159,4.65,2,2020-11-27 10:00,2020-12-11 01:59,Joshin web 家電とPCの大型専門店,jism,https://www.rakuten.co.jp/jism/,566404
13,0,天穂のサクナヒメ 通常版 Switch版,【楽天ブックスならいつでも送料無料】,book:20080073,5478,マーベラス Nintendo Switchテンスイノサクナヒメ 発売日：2020年11月12日 予約締切日：2020年11月10日 プレーヤー人数：1人 CERO区分：12才以上対象 HACーPーAUSDC JAN：4535506303158 ゲーム Nintendo Switch RPG アクションRPG,https://item.rakuten.co.jp/book/16400183/,,1,https://thumbnail.image.rakuten.co.jp/@0_mall/book/cabinet/3158/4535506303158.jpg?_ex=64x64,https://thumbnail.image.rakuten.co.jp/@0_mall/book/cabinet/3158/4535506303158.jpg?_ex=64x64,https://thumbnail.image.rakuten.co.jp/@0_mall/book/cabinet/3158/4535506303158.jpg?_ex=64x64,https://thumbnail.image.rakuten.co.jp/@0_mall/book/cabinet/3158/4535506303158.jpg?_ex=128x128,https://thumbnail.image.rakuten.co.jp/@0_mall/book/cabinet/3158/4535506303158.jpg?_ex=128x128,https://thumbnail.image.rakuten.co.jp/@0_mall/book/cabinet/3158/4535506303158.jpg?_ex=128x128,1,0,0,1,0,0,,0,,,2.0,,,1,5.0,1,,,楽天ブックス,book,https://www.rakuten.co.jp/book/,566404
14,0,【新品】新型モデル Nintendo Switch あつまれ どうぶつの森セット HAD-S-KEAGC,,mobileshop1:10000214,44198,★ご購入前に必ずご確認下さい。★ ※運輸または仕入状況により商品の箱に凹み、スレ等がある場合がございますが、中身には新品で問題がございません。化粧箱不良による交換返品は対応出来かねますので、ご了承をお願いします。 ※基本的に量販店舗印付です。保証が短くなる場合もございます。 ※量販店舗の印の有無のご指定はできません。あらかじめご了承下さい。 ■商品名：新型モデル Nintendo Switch あつまれ どうぶつの森セット ■状態：新品未使用品（量販店より新品のままの状態） ■商品付属品：新品、標準セット全て揃っております。 ・Nintendo Switch本体：1台 ・Joy-Con(L):1個 ・Joy-Con(R):1個 ・Nintendo Switchドック:1個 ・Joy-Conグリップ ・Joy-Conストラップ(特別デザイン) ・Nintendo Switch ACアダプター ・ハイスピードHDMIケーブル ・Nintendo Switchソフト ・セーフティーガイド 「あつまれ どうぶつの森」ダウンロード版 ※ソフトはゲームカードではなく本体にインストール済みとなります。 ※ソフトをはじめて起動するときに、インターネット接続環境とニンテンドーアカウントが必要です。 ※ソフトを複数本使用しても、作成できる島は本体1台につき1つです。別の島で遊びたい場合は、別の本体が必要です。 ※本ソフトのセーブデータは、「ユーザーの引っ越し」や「セーブデータの引っ越し」には対応していません。 ※オンラインプレイのご利用にはNintendo Switch Online(有料)への加入が必要になります。 ※Nintendo Switch Online(有料)の「セーブデータお預かり」には対応していません。 ■製品の故障・初期不良等がございましても当店では受付いたしかねます。 メーカーサポートへ直接お問い合わせをお願い致します。 ※本商品に修理などの必要が生じた場合は、お買い上げ時の外箱と納品書が必要になりますので大切に保管ください。 古物商許可証・東京都公安委員会　第305541208027号,https://item.rakuten.co.jp/mobileshop1/new-switch-doubutsu/,,1,https://thumbnail.image.rakuten.co.jp/@0_mall/mobileshop1/cabinet/07185325/imgrc0081833316.jpg?_ex=64x64,https://thumbnail.image.rakuten.co.jp/@0_mall/mobileshop1/cabinet/07185325/imgrc0081833316.jpg?_ex=64x64,https://thumbnail.image.rakuten.co.jp/@0_mall/mobileshop1/cabinet/07185325/imgrc0081833316.jpg?_ex=64x64,https://thumbnail.image.rakuten.co.jp/@0_mall/mobileshop1/cabinet/07185325/imgrc0081833316.jpg?_ex=128x128,https://thumbnail.image.rakuten.co.jp/@0_mall/mobileshop1/cabinet/07185325/imgrc0081833316.jpg?_ex=128x128,https://thumbnail.image.rakuten.co.jp/@0_mall/mobileshop1/cabinet/07185325/imgrc0081833316.jpg?_ex=128x128,1,0,1,1,0,0,,1,16:00,群馬県/埼玉県/千葉県/東京都/神奈川県/新潟県/富山県/石川県/福井県/山梨県/青森県/長野県/岐阜県/静岡県/愛知県/三重県/滋賀県/京都府/大阪府/兵庫県/奈良県/岩手県/和歌山県/鳥取県/島根県/岡山県/広島県/山口県/徳島県/香川県/愛媛県/高知県/宮城県/秋田県/山形県/福島県/茨城県/栃木県,2.0,,,44,4.41,1,,,モバイル販売,mobileshop1,https://www.rakuten.co.jp/mobileshop1/,566403
15,0,【Switch】天穂のサクナヒメ　通常版 マーベラス [HAC-P-AUSDC NSW テンスイノサクナヒメ ツウジョウ],,jism:12871480,4980,【返品種別B】□「返品種別」について詳しくはこちら□■新製品■2020年11月 発売※外付特典（上新電機オリジナル）付きは終了しました。◇◆商品紹介◇◆鬼が支配する「ヒノエ島」を舞台に豊穣神サクナヒメが大暴れ！　様々な「武技」による華麗な連続攻撃と伸縮自在の「羽衣」による縦横無尽な爽快アクションが楽しめる。そして、本作のもう一つの特徴が「米づくり」。田起こし、田植え、収穫など一つ一つの工程を丁寧に行い良い米を収穫するほど、豊穣神サクナは強くなる！　◆製品詳細◆対応機種　：　Nintendo Switchジャンル　：　和風アクションRPGプレイ人数　：　1人CERO審査　：　12歳以上（C）2020 Edelweiss. Licensed to and published by XSEED Games / Marvelous USA Inc. and Marvelous Inc.(※この説明文は楽天市場店の記載内容です。URLはhttps://item.rakuten.co.jp/jism/で始まります。URLが異なる際はサイトを利用することのないよう十分ご注意ください。)おもちゃ＞TVゲーム＞Nintendo Switch＞パッケージ版ゲームソフト＞ロールプレイング・ご購入はお1人様1本でお願いします。同一商品を複数ご購入された場合は、ご注文を承りましたという自動メール送信後でありましても、全てのお買い物を取り消し（キャンセル）をさせていただく場合があります。またお名前が異なってもお届け先が同じ場所の場合は、複数購入と判断する場合がございますのでご了承願います。・テープの2重貼りについてメーカーでは出荷前にランダムで商品を開封して検品調査を行う場合があります。中身を調査する際、一度テープを切り、改めて貼りなおしますので2重になることがあります。このようにして2重にテープが貼られた商品は開梱品や再生品ではありませんので予めご留意くださいますようお願いします。これらを理由に返品・交換をお受けすることもできませんのでご了承ください。※テープの状態を確認して出荷することもできません。※弊社ではアウトレット等、特別な理由で開梱品を販売する際は必ず販売ページにその旨を記載させていただきます。・商品の返品・交換についてTVゲーム関連商品の返品・交換はお受けできません。但し、初期不良の場合、1週間以内にJoshin web事務局までご連絡ください。 ※ お客様の都合による返品・交換もお受けできませんので、ご了承ください。個人情報を記録するハードディスク内蔵モデルは、初期不良でありましてもJoshin webで良品への交換は出来ません。初期不良の場合はメーカーの連絡先をご案内いたしますので、お客様から直接メーカーへ連絡していただくようお願いいたします。※液晶モニターについてゲームに使用されている液晶モニターは、精密度の高い技術で生産されていますが、黒い点が現れたり、赤・青・緑の点が消えないことがあります。(ドット抜け)これらの症状は製品の仕様的な物で故障ではございません。交換などもできませんのであらかじめ、ご了承ください。・ゲーム機本体の修理ゲーム機本体の修理はメーカー直接対応となります。説明書に記載されているメーカーサポートにご連絡ください。・在庫のない商品の納期について在庫がない商品（「入荷次第出荷」と表示）は1週間程度商品入荷までお待ちいただく場合があります。・予約商品について但し、発売日4日前までのご注文の場合。（一部地域を除く）新作（未発売商品）につきましては、発売日の4日以上前にご予約をいただきました場合は、原則として発売日当日のお届けになります。（一部商品を除く）　詳しくはこちらお客様より、発売日前のお届け希望日の指定をいただきましても、お届けは発売日となります。お届け予定日の変更連絡は致しておりません、また大阪市内より発売日の前日に出荷いたしますので、遠隔地（北海道、青森県、秋田県、沖縄県、一部郡部、離島地域）の場合は、発売日の翌日以降のお届けとなります。ご予約商品と家電製品などを一緒にご注文いただいた場合は、商品の発送が多少遅くなり発売日以降のお届けになります。ご予約商品を複数ご購入いただいた場合、または在庫商品とご予約商品を同時にご購入いただいた場合、あるいはお取り寄せ商品とご予約商品を同時にご購入いただいた場合は、すべての商品がそろってからの発送になりますのでご注意ください。(分割でのご発送はお受けできません）悪天候や災害の影響などにより、商品のお届けが遅れる場合がございます。またメーカーの都合により、商品のお届けが遅れる場合もございますので、ご了承願います。・商品の配送についてご予約商品を複数ご購入いただいた場合、または在庫商品とご予約商品を同時にご購入いただいた場合、あるいはお取り寄せ商品とご予約商品を同時にご購入いただいた場合は、すべての商品がそろってからの発送になります。お急ぎの場合は、お手数ですがご注文を分けていただきますようお願いいたします。,https://item.rakuten.co.jp/jism/4535506303158-54-40561-n/,,1,https://thumbnail.image.rakuten.co.jp/@0_mall/jism/cabinet/1431/4535506303158.jpg?_ex=64x64,https://thumbnail.image.rakuten.co.jp/@0_mall/jism/cabinet/1431/4535506303158.jpg?_ex=64x64,https://thumbnail.image.rakuten.co.jp/@0_mall/jism/cabinet/1431/4535506303158.jpg?_ex=64x64,https://thumbnail.image.rakuten.co.jp/@0_mall/jism/cabinet/1431/4535506303158.jpg?_ex=128x128,https://thumbnail.image.rakuten.co.jp/@0_mall/jism/cabinet/1431/4535506303158.jpg?_ex=128x128,https://thumbnail.image.rakuten.co.jp/@0_mall/jism/cabinet/1431/4535506303158.jpg?_ex=128x128,0,0,1,1,0,0,,0,,,2.0,,,0,0.0,2,2020-11-28 13:00,2020-12-11 01:59,Joshin web 家電とPCの大型専門店,jism,https://www.rakuten.co.jp/jism/,566404
16,0,【新品】Nintendo Switch ニンテンドースイッチ リングフィット,,mobileshop1:10000190,10635,★ご購入前にご確認をお願いします。★ ※運輸または仕入状況により商品の箱に凹み、スレ等がある場合がございますが、中身には新品で問題がございません。化粧箱不良による交換返品は対応出来かねますので、ご了承をお願いします。 『リングフィット アドベンチャー』は、付属の「リングコン」と「レッグバンド」にJoy-Conを取り付け、身体に装着し、全身を動かして遊ぶ、フィットネスアドベンチャーゲームです。 「リングコン」と「レッグバンド」が腕や肩、胸、お腹、背中、お尻、脚などの部位の動きを認識し、ゲームの中のキャラクターと連動します。 【セット内容】 　・Nintendo Switchソフト「リングフィット アドベンチャー」1本 　・リングコン1個 　・レッグバンド1個 ■状態：新品未使用品（量販店より新品のままの状態) ■商品保証：新品未使用品で、返品、交換の対応は当店では受付出来ません。修理・サポート等はお手数ですが、お客様ご自身でメーカーにてお問い合わせください。メーカー修理などの必要が生じた場合は、お買い上げ時の付属品、および梱包材が全て揃っている必要がございますので大切に保管ください。 古物商許可証・東京都公安委員会　第305541208027号,https://item.rakuten.co.jp/mobileshop1/ring-fit/,,1,https://thumbnail.image.rakuten.co.jp/@0_mall/mobileshop1/cabinet/07185325/imgrc0081495489.jpg?_ex=64x64,https://thumbnail.image.rakuten.co.jp/@0_mall/mobileshop1/cabinet/07185325/imgrc0081495489.jpg?_ex=64x64,https://thumbnail.image.rakuten.co.jp/@0_mall/mobileshop1/cabinet/07185325/imgrc0081495489.jpg?_ex=64x64,https://thumbnail.image.rakuten.co.jp/@0_mall/mobileshop1/cabinet/07185325/imgrc0081495489.jpg?_ex=128x128,https://thumbnail.image.rakuten.co.jp/@0_mall/mobileshop1/cabinet/07185325/imgrc0081495489.jpg?_ex=128x128,https://thumbnail.image.rakuten.co.jp/@0_mall/mobileshop1/cabinet/07185325/imgrc0081495489.jpg?_ex=128x128,1,0,1,1,0,0,,1,16:00,群馬県/埼玉県/千葉県/東京都/神奈川県/新潟県/富山県/石川県/福井県/山梨県/青森県/長野県/岐阜県/静岡県/愛知県/三重県/滋賀県/京都府/大阪府/兵庫県/奈良県/岩手県/和歌山県/鳥取県/島根県/岡山県/広島県/山口県/徳島県/香川県/愛媛県/高知県/宮城県/秋田県/山形県/福島県/茨城県/栃木県,2.0,,,38,4.53,1,,,モバイル販売,mobileshop1,https://www.rakuten.co.jp/mobileshop1/,566403
17,0,【Switch】ピクミン3 デラックス 任天堂 [HAC-P-AMPNA NSW ピクミン3 デラックス],,jism:12796350,5800,【返品種別B】□「返品種別」について詳しくはこちら□■新製品■2020年10月 発売◇◆商品紹介◇◆ピクミンの力を借りて、惑星からの帰還を目指す。2013年にWii Uで発売されたAIアクションゲーム『ピクミン3』がデラックスになってNintendo Switchに登場。Wii U版で配信された有料追加コンテンツがすべて収録されているほか、オリマーたちが活躍するサイドストーリーミッションを新たに収録。さらに、登場する原生生物たちの詳しい生態が分かる「原生生物図鑑」やゲームの達成度に応じて入手できる「進級バッジ」が追加されるなど、パワーアップした内容になっています。またストーリーモードが2人協力プレイに対応。ロックオン機能やヒント機能も追加され、より遊びやすくなりました。●果実をめぐる大冒険。ピクミンたちと協力しながら果実をあつめよう。『ピクミン3』の主人公は、食糧資源を探して宇宙に旅立った調査隊、アルフ、ブリトニー、チャーリーの3人。とある惑星に着陸した彼らは、そこで出会った「ピクミン」という不思議な生きものの力を借りて、この惑星にある果実のタネを故郷に持ち帰るため、探索をはじめます。●「ピクミン」とは・・・？　ピクミンの大きさはとっても小さくて動物のような、植物のような、不思議な生きもの。熱や火に強かったり、空を飛んたり、みんな不思議な特長をもっています。そんなピクミンたちはとっても賢く、はたらきもの。プレイヤーの指示に従って、ものを運んだり、壊したり、さまざまな仕事をしてくれます。◆製品詳細◆対応機種　：　Nintendo Switchジャンル　：　AIアクションCERO審査　：　全年齢対象（C）2013-2020 Nintendo(※この説明文は楽天市場店の記載内容です。URLはhttps://item.rakuten.co.jp/jism/で始まります。URLが異なる際はサイトを利用することのないよう十分ご注意ください。)おもちゃ＞TVゲーム＞Nintendo Switch＞パッケージ版ゲームソフト＞アクション・ご購入はお1人様1本でお願いします。同一商品を複数ご購入された場合は、ご注文を承りましたという自動メール送信後でありましても、全てのお買い物を取り消し（キャンセル）をさせていただく場合があります。またお名前が異なってもお届け先が同じ場所の場合は、複数購入と判断する場合がございますのでご了承願います。・テープの2重貼りについてメーカーでは出荷前にランダムで商品を開封して検品調査を行う場合があります。中身を調査する際、一度テープを切り、改めて貼りなおしますので2重になることがあります。このようにして2重にテープが貼られた商品は開梱品や再生品ではありませんので予めご留意くださいますようお願いします。これらを理由に返品・交換をお受けすることもできませんのでご了承ください。※テープの状態を確認して出荷することもできません。※弊社ではアウトレット等、特別な理由で開梱品を販売する際は必ず販売ページにその旨を記載させていただきます。・商品の返品・交換についてTVゲーム関連商品の返品・交換はお受けできません。但し、初期不良の場合、1週間以内にJoshin web事務局までご連絡ください。 ※ お客様の都合による返品・交換もお受けできませんので、ご了承ください。個人情報を記録するハードディスク内蔵モデルは、初期不良でありましてもJoshin webで良品への交換は出来ません。初期不良の場合はメーカーの連絡先をご案内いたしますので、お客様から直接メーカーへ連絡していただくようお願いいたします。※液晶モニターについてゲームに使用されている液晶モニターは、精密度の高い技術で生産されていますが、黒い点が現れたり、赤・青・緑の点が消えないことがあります。(ドット抜け)これらの症状は製品の仕様的な物で故障ではございません。交換などもできませんのであらかじめ、ご了承ください。・ゲーム機本体の修理ゲーム機本体の修理はメーカー直接対応となります。説明書に記載されているメーカーサポートにご連絡ください。・在庫のない商品の納期について在庫がない商品（「入荷次第出荷」と表示）は1週間程度商品入荷までお待ちいただく場合があります。・予約商品について但し、発売日4日前までのご注文の場合。（一部地域を除く）新作（未発売商品）につきましては、発売日の4日以上前にご予約をいただきました場合は、原則として発売日当日のお届けになります。（一部商品を除く）　詳しくはこちらお客様より、発売日前のお届け希望日の指定をいただきましても、お届けは発売日となります。お届け予定日の変更連絡は致しておりません、また大阪市内より発売日の前日に出荷いたしますので、遠隔地（北海道、青森県、秋田県、沖縄県、一部郡部、離島地域）の場合は、発売日の翌日以降のお届けとなります。ご予約商品と家電製品などを一緒にご注文いただいた場合は、商品の発送が多少遅くなり発売日以降のお届けになります。ご予約商品を複数ご購入いただいた場合、または在庫商品とご予約商品を同時にご購入いただいた場合、あるいはお取り寄せ商品とご予約商品を同時にご購入いただいた場合は、すべての商品がそろってからの発送になりますのでご注意ください。(分割でのご発送はお受けできません）悪天候や災害の影響などにより、商品のお届けが遅れる場合がございます。またメーカーの都合により、商品のお届けが遅れる場合もございますので、ご了承願います。・商品の配送についてご予約商品を複数ご購入いただいた場合、または在庫商品とご予約商品を同時にご購入いただいた場合、あるいはお取り寄せ商品とご予約商品を同時にご購入いただいた場合は、すべての商品がそろってからの発送になります。お急ぎの場合は、お手数ですがご注文を分けていただきますようお願いいたします。,https://item.rakuten.co.jp/jism/4902370546941-54-40560-n/,,1,https://thumbnail.image.rakuten.co.jp/@0_mall/jism/cabinet/1438/4902370546941.jpg?_ex=64x64,https://thumbnail.image.rakuten.co.jp/@0_mall/jism/cabinet/1438/4902370546941.jpg?_ex=64x64,https://thumbnail.image.rakuten.co.jp/@0_mall/jism/cabinet/1438/4902370546941.jpg?_ex=64x64,https://thumbnail.image.rakuten.co.jp/@0_mall/jism/cabinet/1438/4902370546941.jpg?_ex=128x128,https://thumbnail.image.rakuten.co.jp/@0_mall/jism/cabinet/1438/4902370546941.jpg?_ex=128x128,https://thumbnail.image.rakuten.co.jp/@0_mall/jism/cabinet/1438/4902370546941.jpg?_ex=128x128,1,0,1,1,0,0,,0,,,2.0,,,10,5.0,2,2020-11-27 10:00,2020-12-11 01:59,Joshin web 家電とPCの大型専門店,jism,https://www.rakuten.co.jp/jism/,566404
18,0,Nintendo Switch Lite イエロー,【楽天ブックスならいつでも送料無料】【楽天あんしん延長保証対象商品】,book:19757437,21978,任天堂 Nintendo Switch Lite【NS920Lite】 ニンテンドウ スイッチ ライト イエロー 発売日：2019年09月20日 予約締切日：2019年09月18日 HDHーSーYAZAA JAN：4902370542936 ゲーム Nintendo Switch 本体,https://item.rakuten.co.jp/book/16039044/,,1,https://thumbnail.image.rakuten.co.jp/@0_mall/book/cabinet/2936/4902370542936.jpg?_ex=64x64,https://thumbnail.image.rakuten.co.jp/@0_mall/book/cabinet/2936/4902370542936.jpg?_ex=64x64,https://thumbnail.image.rakuten.co.jp/@0_mall/book/cabinet/2936/4902370542936.jpg?_ex=64x64,https://thumbnail.image.rakuten.co.jp/@0_mall/book/cabinet/2936/4902370542936.jpg?_ex=128x128,https://thumbnail.image.rakuten.co.jp/@0_mall/book/cabinet/2936/4902370542936.jpg?_ex=128x128,https://thumbnail.image.rakuten.co.jp/@0_mall/book/cabinet/2936/4902370542936.jpg?_ex=128x128,1,0,0,1,0,0,,0,,,2.0,,,106,4.74,1,,,楽天ブックス,book,https://www.rakuten.co.jp/book/,566403
19,0,Nintendo Switch Proコントローラー,【楽天ブックスならいつでも送料無料】,book:18350559,6910,任天堂 Nintendo Switchニンテンドースイッチ プロコントローラー 発売日：2017年03月03日 予約締切日：2017年03月01日 HACーAーFSSKA JAN：4902370535730 ゲーム Nintendo Switch 周辺機器,https://item.rakuten.co.jp/book/14647228/,,1,https://thumbnail.image.rakuten.co.jp/@0_mall/book/cabinet/5730/4902370535730.jpg?_ex=64x64,https://thumbnail.image.rakuten.co.jp/@0_mall/book/cabinet/5730/4902370535730.jpg?_ex=64x64,https://thumbnail.image.rakuten.co.jp/@0_mall/book/cabinet/5730/4902370535730.jpg?_ex=64x64,https://thumbnail.image.rakuten.co.jp/@0_mall/book/cabinet/5730/4902370535730.jpg?_ex=128x128,https://thumbnail.image.rakuten.co.jp/@0_mall/book/cabinet/5730/4902370535730.jpg?_ex=128x128,https://thumbnail.image.rakuten.co.jp/@0_mall/book/cabinet/5730/4902370535730.jpg?_ex=128x128,1,0,0,1,0,0,,0,,,2.0,,,486,4.37,1,,,楽天ブックス,book,https://www.rakuten.co.jp/book/,565955
20,0,【楽天ブックス限定 オリジナル配送BOX】サイバーパンク2077,【楽天ブックスならいつでも送料無料】【楽天ブックス限定 オリジナル配送BOX！】,book:20062144,7461,スパイク・チュンソフト PS4ラクテンブックスゲンテイ オリジナルハイソウボックス サイバーパンク2077 発売日：2020年12月10日 CERO区分：18才以上のみ対象 PLJSー36125 JAN：2100011949843 ゲーム PS4 RPG アクションRPG,https://item.rakuten.co.jp/book/16376429/,,1,https://thumbnail.image.rakuten.co.jp/@0_mall/book/cabinet/9843/2100011949843.jpg?_ex=64x64,https://thumbnail.image.rakuten.co.jp/@0_mall/book/cabinet/9843/2100011949843.jpg?_ex=64x64,https://thumbnail.image.rakuten.co.jp/@0_mall/book/cabinet/9843/2100011949843.jpg?_ex=64x64,https://thumbnail.image.rakuten.co.jp/@0_mall/book/cabinet/9843/2100011949843.jpg?_ex=128x128,https://thumbnail.image.rakuten.co.jp/@0_mall/book/cabinet/9843/2100011949843.jpg?_ex=128x128,https://thumbnail.image.rakuten.co.jp/@0_mall/book/cabinet/9843/2100011949843.jpg?_ex=128x128,1,0,0,1,0,0,,0,,,2.0,2020-06-29 05:00,2020-12-06 14:59,0,0.0,1,,,楽天ブックス,book,https://www.rakuten.co.jp/book/,566408
21,0,Nintendo Switch ニンテンドースイッチ リングフィット アドベンチャー任天堂 室内 運動 新垣結衣 スポーツ ヨガ ダイエット ギフト プレゼント 体幹 トレーニング エクササイズ[ラッピング対応可],Nintendo Switch ニンテンドースイッチ リングフィット アドベンチャー,sokutei:10001655,10799,★ご購入前に必ずご確認下さい。 ・製品の故障・初期不良等がございましても当店では受付いたしかねます。 メーカーサポートへ直接お問い合わせをお願い致します。Nintendo Switchで冒険しながらフィットネス 『リングフィット アドベンチャー』は、付属の新しい周辺機器「リングコン」「レッグバンド」で、全身で運動しながら、世界を救う冒険をするアドベンチャーゲーム。 この冒険の旅は、1日30分のトレーニングで約3か月(※)かかる長い旅路。あなたのトレーニングの成果が、主人公のレベルアップにもつながる。 ※目安となります。また、運動負荷の設定で変わります。 「リングコン」と「レッグバンド」を使って、カラダの動きを認識。 リングコン 両手で握って操作する、リング状のコントローラー。 バネのように元に戻る特殊な素材でできており、高精度の「力センサー」を内蔵。グッと押しこんだり、引っ張ったりする動きを認識する。またJoy-Conのセンサーで、上下左右に振ったり、傾けたりといったさまざまな動きも認識できる。 また、Joy-Con(R)のモーションIRカメラを使って運動後の脈拍を測定※することも。 運動時間や消費カロリーもわかるため、トレーニングの成果や、自分のペースにあった運動を知ることができる。運動負荷を見直すことで、無理のない運動ができる。 ※目安の値であり、医療用ではありません。 レッグバンド バンドを左足の太腿につけて使用する、もうひとつのコントローラー。 リングコンと同様にJoy-Conの「加速度センサー」と「ジャイロセンサー」で、足踏みや膝の屈伸といった下半身の動きを認識する。※装着可能な太もも周長の目安：約34〜70cm 相棒「リング」と世界を救う冒険へ。 フィールドを駆ける。 あなたがジョギングをすると、主人公は走り出す。 フィールドは、山や海、沼地、そして空とさまざま。ときにはイカダをこいだり、空を飛んだり、コースターで走り抜けたりと、全身を使いながらフィールドを駆け巡る。 運動がワザとなる、敵とのバトル。 フィールドで敵と遭遇すると、ターン制のバトルが始まる。 バトルでは攻めるのも、守るのも、体の動きで操作する。体を動かすさまざまなワザ「フィットスキル」は40種類以上。ゲームを進めるにつれ、より強力な攻撃ができるフィットスキルを覚えていく。 ミニゲームで楽しく運動。 モグラを叩いたり、ろくろで陶芸したり…… メニューによって、体の使いかたもいろいろ。 楽しみながら運動することができる。 運動能力を測る「シンプル」 気になる部分をピンポイントに鍛える「シンプル」。 指定の動きを繰り返す。 友人や家族たちと回数を競って盛り上がることも。 目標に沿ったセットメニュー あらかじめ用意されたメニューから、気になる部位を選んで徹底的にトレーニング。力の強さも選択できる。 友だちや家族、世界のプレイヤーとスコア比べ。 プレイ時間や運動内容、「アドベンチャーモード」の進行度、「ミニゲーム」「シンプル」「リズムゲーム」のスコアなどを一緒にプレイしている家族やフレンドはもちろん、世界のプレイヤー※と比較することができる。 ※アドベンチャーモードでは同じ年齢のプレイヤーのみ、記録を見ることができる。,https://item.rakuten.co.jp/sokutei/4902370543278/,,1,https://thumbnail.image.rakuten.co.jp/@0_mall/sokutei/cabinet/05716971/imgrc0076498314.jpg?_ex=64x64,https://thumbnail.image.rakuten.co.jp/@0_mall/sokutei/cabinet/05716971/imgrc0076498314.jpg?_ex=64x64,https://thumbnail.image.rakuten.co.jp/@0_mall/sokutei/cabinet/05716971/imgrc0076498314.jpg?_ex=64x64,https://thumbnail.image.rakuten.co.jp/@0_mall/sokutei/cabinet/05716971/imgrc0076498314.jpg?_ex=128x128,https://thumbnail.image.rakuten.co.jp/@0_mall/sokutei/cabinet/05716971/imgrc0076498314.jpg?_ex=128x128,https://thumbnail.image.rakuten.co.jp/@0_mall/sokutei/cabinet/05716971/imgrc0076498314.jpg?_ex=128x128,1,0,0,1,0,0,,1,14:00,群馬県/埼玉県/千葉県/東京都/神奈川県/新潟県/富山県/石川県/福井県/山梨県/青森県/長野県/岐阜県/静岡県/愛知県/三重県/滋賀県/京都府/大阪府/兵庫県/奈良県/岩手県/和歌山県/鳥取県/島根県/岡山県/広島県/山口県/徳島県/香川県/愛媛県/高知県/宮城県/秋田県/山形県/福島県/茨城県/栃木県,2.0,,,173,4.5,1,,,測定の森 楽天市場店,sokutei,https://www.rakuten.co.jp/sokutei/,565955
22,0,[新品] 任天堂 新型Nintendo Switch JOY-CON(L) ネオンブルー/(R) ネオンレッド 4902370542912 スイッチ,,dandystore:10000999,37370,商品説明商品名 任天堂 Nintendo Switch JOY-CON(L) ネオンブルー/(R) ネオンレッド 詳細セット内容・Nintendo Switch本体 ・Nintendo Switchドック・Joy-ConJoy-Con（L） ネオンブルー×1本 Joy-Con（R） ネオンレッド×1本・Joy-Conストラップ・Joy-Conグリップ・HDMIケーブル（1.5m）×1本 ・Nintendo Switch ACアダプター×1個・セーフティーガイド×1枚 ・量販店舗の印がある場合がありますので（保証期間が短くなる場合があります）、あらかじめご了承下さい。・クーポンは付いておりません。 ・輸送または仕入状況により商品の箱にキズがある場合がございますが、外装箱不良による交換はいたしかねますのでご了承ください。 ・製品の故障・初期不良等がございましても当店では受付いたしかねます。メーカーサポートへ直接お問い合わせをお願い致します。,https://item.rakuten.co.jp/dandystore/4902370542912/,,1,https://thumbnail.image.rakuten.co.jp/@0_mall/dandystore/cabinet/ajrk51.jpg?_ex=64x64,https://thumbnail.image.rakuten.co.jp/@0_mall/dandystore/cabinet/ajrk51.jpg?_ex=64x64,https://thumbnail.image.rakuten.co.jp/@0_mall/dandystore/cabinet/ajrk51.jpg?_ex=64x64,https://thumbnail.image.rakuten.co.jp/@0_mall/dandystore/cabinet/ajrk51.jpg?_ex=128x128,https://thumbnail.image.rakuten.co.jp/@0_mall/dandystore/cabinet/ajrk51.jpg?_ex=128x128,https://thumbnail.image.rakuten.co.jp/@0_mall/dandystore/cabinet/ajrk51.jpg?_ex=128x128,1,0,1,1,0,0,,1,14:00,群馬県/埼玉県/千葉県/東京都/神奈川県/新潟県/富山県/石川県/福井県/山梨県/青森県/長野県/岐阜県/静岡県/愛知県/三重県/滋賀県/京都府/大阪府/兵庫県/奈良県/岩手県/和歌山県/鳥取県/島根県/岡山県/広島県/山口県/徳島県/香川県/愛媛県/高知県/宮城県/秋田県/山形県/福島県/茨城県/栃木県,2.0,,,26,4.77,1,,,Dandyストア,dandystore,https://www.rakuten.co.jp/dandystore/,566403
23,0,Minecraft Nintendo Switch版,【楽天ブックスならいつでも送料無料】,book:19143914,3564,日本マイクロソフト Nintendo Switchマイクラ Switch マインクラフト 発売日：2018年06月21日 予約締切日：2018年06月19日 CERO区分：全年齢対象 JAN：4549576094113 ゲーム Nintendo Switch シミュレーション その他,https://item.rakuten.co.jp/book/15489374/,,1,https://thumbnail.image.rakuten.co.jp/@0_mall/book/cabinet/4113/4549576094113.jpg?_ex=64x64,https://thumbnail.image.rakuten.co.jp/@0_mall/book/cabinet/4113/4549576094113.jpg?_ex=64x64,https://thumbnail.image.rakuten.co.jp/@0_mall/book/cabinet/4113/4549576094113.jpg?_ex=64x64,https://thumbnail.image.rakuten.co.jp/@0_mall/book/cabinet/4113/4549576094113.jpg?_ex=128x128,https://thumbnail.image.rakuten.co.jp/@0_mall/book/cabinet/4113/4549576094113.jpg?_ex=128x128,https://thumbnail.image.rakuten.co.jp/@0_mall/book/cabinet/4113/4549576094113.jpg?_ex=128x128,1,0,0,1,0,0,,0,,,2.0,,,315,4.64,1,,,楽天ブックス,book,https://www.rakuten.co.jp/book/,566404
24,0,【楽天ブックス限定特典】ゼルダ無双 厄災の黙示録(マイクロファイバークロス),【楽天ブックスならいつでも送料無料】【楽天ブックス限定特典付き】,book:20129018,7128,コーエーテクモゲームス Nintendo Switchゼルダムソウ　ヤクサイノモクシロク 発売日：2020年11月20日 予約締切日：2020年11月18日 CERO区分：12才以上対象 HACーPーAXEAA JAN：4988615142192 ゲーム Nintendo Switch 格闘・アクション アクションゲーム マイクロファイバークロス,https://item.rakuten.co.jp/book/16454421/,,1,https://thumbnail.image.rakuten.co.jp/@0_mall/book/cabinet/2192/4988615142192.jpg?_ex=64x64,https://thumbnail.image.rakuten.co.jp/@0_mall/book/cabinet/2192/4988615142192.jpg?_ex=64x64,https://thumbnail.image.rakuten.co.jp/@0_mall/book/cabinet/2192/4988615142192.jpg?_ex=64x64,https://thumbnail.image.rakuten.co.jp/@0_mall/book/cabinet/2192/4988615142192.jpg?_ex=128x128,https://thumbnail.image.rakuten.co.jp/@0_mall/book/cabinet/2192/4988615142192.jpg?_ex=128x128,https://thumbnail.image.rakuten.co.jp/@0_mall/book/cabinet/2192/4988615142192.jpg?_ex=128x128,1,0,0,1,0,0,,0,,,2.0,,,37,4.27,1,,,楽天ブックス,book,https://www.rakuten.co.jp/book/,566404
25,0,新型 Nintendo Switch ニンテンドースイッチ 本体 Joy-Con (L) ネオンブルー/ (R) ネオンレッド 任天堂 ゲーム機 プレゼント ギフト 家族 ファミリー [ラッピング対応]1-3営業日,新型 Nintendo Switch ニンテンドースイッチ 本体 Joy-Con (L) ネオンブルー/ (R) ネオンレッド 任天堂,sokutei:10001578,37550,★ご購入前に必ずご確認下さい。 ・稀に輸送時または仕入状況により店舗印ありまたは商品の箱に欠損部分がある場合がございますが、店舗印ありまたは外装箱不良による交換返品はいたしかねますのでご了承ください。 ※店舗印に日付がある場合保証期間が短くなる場合がございます。 ・製品の故障・初期不良等がございましても当店では受付いたしかねます。 メーカーサポートへ直接お問い合わせをお願い致します。 ※キャンペーン3000円クーポンは付属しておりません。 必ずお読み下さい ※初期不良や不具合につきましてはメーカー対応のみとなっております。 詳しくはNintendo サポートサイトをご覧ください。 商品詳細 さまざまな組み合わせで楽しめるプレイモード 「Nintendo Switch」は、家庭用据え置き型ゲーム機としてテレビに接続して遊ぶのはもちろん、プレイスタイルに合わせて、3つのモードを自由に選ぶことができます。 ・TVモード 「Nintendo Switch」本体を「Nintendo Switchドック」に置いて、HDMIケーブルでテレビと接続すれば、テレビ画面でゲームを遊ぶことができます。 ・テーブルモード 背面のスタンドを立てて、本体のディスプレイでゲームを楽しむことができます。外出先などテレビのない場所で遊ぶことはもちろん、左右の「Joy-Con」をわけあって、2人でゲームを遊ぶこともできます。 ・携帯モード 「Joy-Con」を本体にセットすれば、気軽に持ち運べるサイズになります。6.2インチのディスプレイで、自由な場所、自由な姿勢でゲームを楽しむことができます。 マルチプレイ ・本体を持ち寄ってつながる。 「Nintendo Switch」を持ち寄って、周囲のユーザーと最大8台までマルチプレイを楽しむことができます。 ・インターネットを通じてつながる。インターネットを使って、遠く離れた友人や世界中のユーザーとのオンラインプレイ（有料※）を楽しむことができます。TVモードでプレイしているときはLANアダプター（別売り）を使用して、有線LAN接続も可能です。 ※オンラインプレイには、「Nintendo Switch」向けオンラインサービス（有料）にご加入いただく必要があります。 Joy-Con 〜楽しいをおすそわけ〜 「Nintendo Switch」には、左右一対のコントローラー「Joy-Con（ジョイコン）」が付いています。左右の「Joy-Con」をグリップに取り付ければ、一般的な形状のコントローラーになり、グリップから取りはずせば、それぞれが独立した「2つ」のコントローラーになります。片方の「Joy-Con」を相手に手渡して“おすそわけ”することで、どこでも対戦や協力プレイをはじめられます。タテ持ち、ヨコ持ちのほか、左右の手にひとつずつ握って操作する、2本持ちのプレイスタイルも。付属の「Joy-Conストラップ」を装着すれば、ストラップを手首にかけてモーションコントロールを楽しめます。またヨコ持ち時に、SL/SRボタンを快適に操作できるようになります。 「Joy-Con」が誘う、あたらしい娯楽の世界 ・「振動」から「触感」へ グラスにみたてた「Joy-Con」を動かすと、グラスの中の氷がカラン、カランとぶつかりあっています。1つ、2つ…その数さえもわかるほどにリアルな触感。それは、まるで実際にグラスを握っているかのような感覚。「Joy-Con」に内蔵された「HD振動」が、映像や音響だけでは得られない臨場感をゲームプレイにもたらします。・モノの形や動き、距離を読み取る 「Joy-Con(R)」に内蔵された「モーションIRカメラ」は、カメラが捉えた物の形や動き、距離を読み取ります。たとえば、グー・チョキ・パーといった手の形を認識できるので、これまでにないユニークな入力操作が可能となりました。 ・amiiboに対応 Joy-Con(R)のRスティックにamiiboをタッチすれば、データを読み書きできます。 ■バッテリー持続時間が長くなった新モデル バッテリー持続時間：約4.5 &#8211; 9.0時間 ・遊ぶソフトによって、持続時間が変わります。例えば『ゼルダの伝説　ブレス オブ ザ ワイルド』では約5.5時間です。※目安の時間です。使用状況によって短くなることがあります。 ■現行モデル バッテリー持続時間：約2.5 &#8211; 6.5時間 ・遊ぶソフトによって、持続時間が変わります。例えば『ゼルダの伝説　ブレス オブ ザ ワイルド』では約3時間です。※目安の時間です。使用状況によって短くなることがあります。 ■Switch Lite バッテリー持続時間：約3.0 &#8211; 7.0時間 ・遊ぶソフトによって、持続時間が変わります。例えば『ゼルダの伝説　ブレス オブ ザ ワイルド』では約4時間です。 ※目安の時間です。使用状況によって短くなることがあります。 ※仕様及び外観は改良のため予告なく変更される場合がありますので、最新情報はメーカーページ等にてご確認ください。 ※本製品は人気商品のため、ご注文から3日以内にご入金が確認できない注文に関してはキャンセル扱いとさせていただきます。大画面で楽しむ「TVモード」、画面をシェアする「テーブルモード」、大きい画面を持ち歩く「携帯モード」の3つのプレイモード。 「Nintendo Switch」を持ち寄れば、最大8台までローカル通信でつながって、対戦や協力などのマルチプレイが楽しめる。 左右一対のコントローラー「Joy-Con」を相手に手渡して“おすそわけ”することで、どこでも対戦や協力プレイをはじめられる。 ※初期不良や不具合につきましてはメーカー対応のみとなっております。 詳しくはNintendo サポートサイトをご覧ください。 ※弊社では不良等による保証は行っておりません。不良の際はメーカー対応となりますが、一部メーカー品は保証を受けられないケースがございます。そのため、楽天あんしん保証の加入をお勧めいたしております。,https://item.rakuten.co.jp/sokutei/4902370542912/,,1,https://thumbnail.image.rakuten.co.jp/@0_mall/sokutei/cabinet/05716971/4902370542912.jpg?_ex=64x64,https://thumbnail.image.rakuten.co.jp/@0_mall/sokutei/cabinet/05716971/4902370542912.jpg?_ex=64x64,https://thumbnail.image.rakuten.co.jp/@0_mall/sokutei/cabinet/05716971/4902370542912.jpg?_ex=64x64,https://thumbnail.image.rakuten.co.jp/@0_mall/sokutei/cabinet/05716971/4902370542912.jpg?_ex=128x128,https://thumbnail.image.rakuten.co.jp/@0_mall/sokutei/cabinet/05716971/4902370542912.jpg?_ex=128x128,https://thumbnail.image.rakuten.co.jp/@0_mall/sokutei/cabinet/05716971/4902370542912.jpg?_ex=128x128,1,0,0,1,0,0,,1,14:00,群馬県/埼玉県/千葉県/東京都/神奈川県/新潟県/富山県/石川県/福井県/山梨県/青森県/長野県/岐阜県/静岡県/愛知県/三重県/滋賀県/京都府/大阪府/兵庫県/奈良県/岩手県/和歌山県/鳥取県/島根県/岡山県/広島県/山口県/徳島県/香川県/愛媛県/高知県/宮城県/秋田県/山形県/福島県/茨城県/栃木県,2.0,,,300,4.44,1,,,測定の森 楽天市場店,sokutei,https://www.rakuten.co.jp/sokutei/,566403
28,0,【PS4】天穂のサクナヒメ　通常版 マーベラス [PLJM-16713 PS4 テンスイノサクナヒメ ツウジョウ],,jism:12873564,4780,【返品種別B】□「返品種別」について詳しくはこちら□■新製品■2020年11月 発売※外付特典（上新電機オリジナル）付きは終了しました。◇◆商品紹介◇◆鬼が支配する「ヒノエ島」を舞台に豊穣神サクナヒメが大暴れ！　様々な「武技」による華麗な連続攻撃と伸縮自在の「羽衣」による縦横無尽な爽快アクションが楽しめる。そして、本作のもう一つの特徴が「米づくり」。田起こし、田植え、収穫など一つ一つの工程を丁寧に行い良い米を収穫するほど、豊穣神サクナは強くなる！　◆製品詳細◆対応機種　：　PlayStation 4ジャンル　：　和風アクションRPGプレイ人数　：　1人CERO審査　：　12歳以上（C）2020 Edelweiss. Licensed to and published by XSEED Games / Marvelous USA Inc. and Marvelous Inc.(※この説明文は楽天市場店の記載内容です。URLはhttps://item.rakuten.co.jp/jism/で始まります。URLが異なる際はサイトを利用することのないよう十分ご注意ください。)おもちゃ＞TVゲーム＞プレイステーション4＞ソフト＞ロールプレイング・ご購入はお1人様1本でお願いします。同一商品を複数ご購入された場合は、ご注文を承りましたという自動メール送信後でありましても、全てのお買い物を取り消し（キャンセル）をさせていただく場合があります。またお名前が異なってもお届け先が同じ場所の場合は、複数購入と判断する場合がございますのでご了承願います。・テープの2重貼りについてメーカーでは出荷前にランダムで商品を開封して検品調査を行う場合があります。中身を調査する際、一度テープを切り、改めて貼りなおしますので2重になることがあります。このようにして2重にテープが貼られた商品は開梱品や再生品ではありませんので予めご留意くださいますようお願いします。これらを理由に返品・交換をお受けすることもできませんのでご了承ください。※テープの状態を確認して出荷することもできません。※弊社ではアウトレット等、特別な理由で開梱品を販売する際は必ず販売ページにその旨を記載させていただきます。・商品の返品・交換についてTVゲーム関連商品の返品・交換はお受けできません。但し、初期不良の場合、1週間以内にJoshin web事務局までご連絡ください。 ※ お客様の都合による返品・交換もお受けできませんので、ご了承ください。個人情報を記録するハードディスク内蔵モデルは、初期不良でありましてもJoshin webで良品への交換は出来ません。初期不良の場合はメーカーの連絡先をご案内いたしますので、お客様から直接メーカーへ連絡していただくようお願いいたします。※液晶モニターについてゲームに使用されている液晶モニターは、精密度の高い技術で生産されていますが、黒い点が現れたり、赤・青・緑の点が消えないことがあります。(ドット抜け)これらの症状は製品の仕様的な物で故障ではございません。交換などもできませんのであらかじめ、ご了承ください。・ゲーム機本体の修理ゲーム機本体の修理はメーカー直接対応となります。説明書に記載されているメーカーサポートにご連絡ください。・在庫のない商品の納期について在庫がない商品（「入荷次第出荷」と表示）は1週間程度商品入荷までお待ちいただく場合があります。・予約商品について但し、発売日4日前までのご注文の場合。（一部地域を除く）新作（未発売商品）につきましては、発売日の4日以上前にご予約をいただきました場合は、原則として発売日当日のお届けになります。（一部商品を除く）　詳しくはこちらお客様より、発売日前のお届け希望日の指定をいただきましても、お届けは発売日となります。お届け予定日の変更連絡は致しておりません、また大阪市内より発売日の前日に出荷いたしますので、遠隔地（北海道、青森県、秋田県、沖縄県、一部郡部、離島地域）の場合は、発売日の翌日以降のお届けとなります。ご予約商品と家電製品などを一緒にご注文いただいた場合は、商品の発送が多少遅くなり発売日以降のお届けになります。ご予約商品を複数ご購入いただいた場合、または在庫商品とご予約商品を同時にご購入いただいた場合、あるいはお取り寄せ商品とご予約商品を同時にご購入いただいた場合は、すべての商品がそろってからの発送になりますのでご注意ください。(分割でのご発送はお受けできません）悪天候や災害の影響などにより、商品のお届けが遅れる場合がございます。またメーカーの都合により、商品のお届けが遅れる場合もございますので、ご了承願います。・商品の配送についてご予約商品を複数ご購入いただいた場合、または在庫商品とご予約商品を同時にご購入いただいた場合、あるいはお取り寄せ商品とご予約商品を同時にご購入いただいた場合は、すべての商品がそろってからの発送になります。お急ぎの場合は、お手数ですがご注文を分けていただきますようお願いいたします。,https://item.rakuten.co.jp/jism/4535506303134-54-27073-n/,,1,https://thumbnail.image.rakuten.co.jp/@0_mall/jism/cabinet/1431/4535506303134.jpg?_ex=64x64,https://thumbnail.image.rakuten.co.jp/@0_mall/jism/cabinet/1431/4535506303134.jpg?_ex=64x64,https://thumbnail.image.rakuten.co.jp/@0_mall/jism/cabinet/1431/4535506303134.jpg?_ex=64x64,https://thumbnail.image.rakuten.co.jp/@0_mall/jism/cabinet/1431/4535506303134.jpg?_ex=128x128,https://thumbnail.image.rakuten.co.jp/@0_mall/jism/cabinet/1431/4535506303134.jpg?_ex=128x128,https://thumbnail.image.rakuten.co.jp/@0_mall/jism/cabinet/1431/4535506303134.jpg?_ex=128x128,1,0,1,1,0,0,,0,,,2.0,,,0,0.0,2,2020-11-28 16:00,2020-12-11 01:59,Joshin web 家電とPCの大型専門店,jism,https://www.rakuten.co.jp/jism/,566408
29,0,任天堂　Nintendo あつまれ　どうぶつの森[ニンテンドースイッチ ソフト]【Switch】,あつまれどうぶつの森 予約 switch 本体 どうぶつのもり 動物の森 あつもり ソフト,biccamera:12920917,5690,待望の「どうぶつの森」最新作『あつまれ どうぶつの森』がNintendo Switchで登場！■ 無人島移住ではじまる自由気ままな楽園生活現実と同じ時間が流れる世界で、自由気ままに暮らし、ときには四季折々のイベントやどうぶつたちとの交流を楽しむ「どうぶつの森」シリーズ最新作がNintendo Switchに登場。今作の舞台は、無人島。「たぬき開発」がプロデュースする「無人島移住パッケージプラン」に参加して、島での生活を始めることになります。浜辺でのんびりしたり、辺りを探索したり…。手付かずの自然あふれる無人島での暮らしをお楽しみいただけます。■ ゼロからはじめる、手作りライフ何もない無人島暮らしでは、必要な物も自分の手で作ります。枝をひろってつりざおにしたり、枝と石でオノを作ったり。日々の暮らしに欠かせない道具はもちろん、家具だって、木や石などを材料に“DIY（Do It Yourself）” できます。家具類は、屋内はもちろん屋外に飾ることもできるので、たとえば木でつくったイスやテーブルを浜辺に設置して、暮らしを演出することも。■ 春夏秋冬、四季折々のくらし島では、つりやムシとりなどの日々の楽しみはもちろん、天候や季節の移り変わりも感じることができます。秋にはキノコを採取したり、冬はゆきだるまを作ったり……。天候や季節の変化を感じながら過ごす無人島生活。島に移住してきた他の住民たちとも、いつの間にか仲良くなっていることでしょう。ゆくゆくは、こだわりのマイホームを建てて……夢は広がります。■ みんなで楽しむ島同じ島の住人同士、最大4人でいっしょに島を探索したり、素材をあつめたりすることができます。また、ローカルプレイ・オンラインプレイでは、ほかの人の島におでかけするマルチプレイを最大8人でいっしょに楽しむことも。※本ソフトを複数本使用しても、作成できる島は本体1台につき1つです。別の島で遊びたい場合は、別の本体が必要です。なお、島には住人（ユーザー）が8人まで住むことができます。※本ソフトのセーブデータは、「ユーザーの引っ越し」や「セーブデータの引っ越し」には対応していません。※オンラインプレイのご利用にはNintendo Switch Online（有料）への加入が必要になります。※Nintendo Switch Online（有料）の「セーブデータお預かり」には対応していません。(C) 2020 Nintendo ※お一人様一点限り。機能項目プレイ人数1〜8人CERO年齢区分A仕様1ジャンル：コミュニケーション,https://item.rakuten.co.jp/biccamera/4902370545319/,,1,https://thumbnail.image.rakuten.co.jp/@0_mall/biccamera/cabinet/product/5145/00000007742716_a01.jpg?_ex=64x64,https://thumbnail.image.rakuten.co.jp/@0_mall/biccamera/cabinet/product/5145/00000007742716_a01.jpg?_ex=64x64,https://thumbnail.image.rakuten.co.jp/@0_mall/biccamera/cabinet/product/5145/00000007742716_a01.jpg?_ex=64x64,https://thumbnail.image.rakuten.co.jp/@0_mall/biccamera/cabinet/product/5145/00000007742716_a01.jpg?_ex=128x128,https://thumbnail.image.rakuten.co.jp/@0_mall/biccamera/cabinet/product/5145/00000007742716_a01.jpg?_ex=128x128,https://thumbnail.image.rakuten.co.jp/@0_mall/biccamera/cabinet/product/5145/00000007742716_a01.jpg?_ex=128x128,1,0,1,1,0,0,,1,15:00,群馬県/埼玉県/千葉県/東京都/神奈川県/新潟県/富山県/石川県/福井県/山梨県/長野県/岐阜県/静岡県/愛知県/三重県/滋賀県/京都府/大阪府/奈良県/岩手県/和歌山県/宮城県/秋田県/山形県/福島県/茨城県/栃木県,2.0,,,314,4.73,1,,,楽天ビック（ビックカメラ×楽天）,biccamera,https://www.rakuten.co.jp/biccamera/,566404
30,0,ピクミン3 デラックス,【楽天ブックスならいつでも送料無料】,book:20094814,5920,任天堂 Nintendo Switchピクミン3 デラックス 発売日：2020年10月30日 予約締切日：2020年10月28日 CERO区分：全年齢対象 HACーPーAMPNA JAN：4902370546941 ゲーム Nintendo Switch 格闘・アクション アクションゲーム,https://item.rakuten.co.jp/book/16417565/,,1,https://thumbnail.image.rakuten.co.jp/@0_mall/book/cabinet/6941/4902370546941.jpg?_ex=64x64,https://thumbnail.image.rakuten.co.jp/@0_mall/book/cabinet/6941/4902370546941.jpg?_ex=64x64,https://thumbnail.image.rakuten.co.jp/@0_mall/book/cabinet/6941/4902370546941.jpg?_ex=64x64,https://thumbnail.image.rakuten.co.jp/@0_mall/book/cabinet/6941/4902370546941.jpg?_ex=128x128,https://thumbnail.image.rakuten.co.jp/@0_mall/book/cabinet/6941/4902370546941.jpg?_ex=128x128,https://thumbnail.image.rakuten.co.jp/@0_mall/book/cabinet/6941/4902370546941.jpg?_ex=128x128,1,0,0,1,0,0,,0,,,2.0,,,46,4.54,1,,,楽天ブックス,book,https://www.rakuten.co.jp/book/,566404
